fold,rmse,mae,actual_iterations
1,4.709866007789043,3.6987986012541,247
2,4.965846614218037,4.159668579445261,257
3,3.7997064517421006,2.892853892050475,475
