fold,rmse,mae,actual_iterations
1,9.155384303660613,6.519076384404407,595
2,7.187022924580223,5.429557722731873,632
3,4.754932214539949,3.6622255336558456,1622
