fold,rmse,mae,actual_iterations
1,15.112436537860662,11.916346170098521,0
2,6.869786184997999,5.247849899455791,877
3,5.896728212405648,4.903360359654747,497
