fold,rmse,mae,actual_iterations
1,1.6769824467059637,1.2942127584536018,26
2,1.5335560023476094,1.2045411343193007,531
3,1.450287351305905,1.1565954600615909,731
