fold,rmse,mae,actual_iterations
1,4.668041518251158,3.784985941395661,2178
2,5.2993723361894105,4.884333221097919,317
3,3.981075230466306,3.314373741717683,2497
