fold,rmse,mae,actual_iterations
1,1.9036305368782729,1.402687461336003,54
2,2.382648506136443,1.8842649750400406,0
3,2.107326534608799,1.5233275137699687,73
