fold,rmse,mae,actual_iterations
1,4.637019557056876,3.7222001889883773,160
2,4.811485515681474,3.931792684938361,492
3,3.8324907117054825,3.0365954143950833,499
