fold,rmse,mae,actual_iterations
1,1.9302591695513087,1.4321320112837588,590
2,2.314482931138624,1.7848935599419282,0
3,1.985228833797209,1.4804950738865807,468
