fold,rmse,mae,actual_iterations
1,1.6436625738363069,1.3226854818759188,500
2,1.443080326809897,1.0628419379985246,237
3,1.257776401673761,1.0209719508184536,93
