fold,rmse,mae,actual_iterations
1,8.975161042613909,6.19819018899606,741
2,6.727908370110225,4.90341385535644,1279
3,5.173329155352991,3.8852197982700636,1264
