fold,rmse,mae,actual_iterations
1,1.8711414598901766,1.3866492288589503,835
2,2.3263564616423804,1.8013748744546383,0
3,2.0725259575642108,1.468410183228007,282
