fold,rmse,mae,actual_iterations
1,1.9631425630682549,1.489373936588751,61
2,1.825869143617413,1.378593552940314,154
3,2.2542149908102935,1.7625027352953904,0
