fold,rmse,mae,actual_iterations
1,1.9625680825505727,1.486875027321718,47
2,1.8388696365098618,1.384652676445606,191
3,2.253528990332977,1.7630791037977547,1
