fold,rmse,mae,actual_iterations
1,1.6887020494714509,1.4058655637848438,685
2,1.424413778232262,1.079251131810947,866
3,1.2576251370280447,1.0193806330554445,457
