fold,rmse,mae,actual_iterations
1,1.680639211478206,1.3360608386578368,87
2,1.5489559327476836,1.2652215437130678,603
3,1.4369077644970711,1.1872246630395622,799
