fold,rmse,mae,actual_iterations
1,9.239522395682835,6.097193367866489,507
2,6.596401831510593,4.908525898193186,545
3,5.6776983561016,3.852259478331269,1697
