fold,rmse,mae,actual_iterations
1,8.893421848232489,6.204486188959904,289
2,7.284997703687545,5.303474114236828,273
3,4.8733266148124725,3.6317061278303933,910
