fold,rmse,mae,actual_iterations
1,4.59888006616317,3.736645491501756,265
2,4.690048864909131,3.7682305284722237,913
3,3.6887709727728355,2.7610147696151937,1855
