fold,rmse,mae,actual_iterations
1,15.112951523965531,11.916557501484602,0
2,7.033830839995871,5.4270908309166,913
3,6.281375709590063,5.259675496275067,468
