fold,rmse,mae,actual_iterations
1,4.642381887259136,3.761512884408051,412
2,4.922460339189,3.9361923359224016,889
3,3.7666871259605763,2.8720310424834556,986
