fold,rmse,mae,actual_iterations
1,1.8860574422013419,1.3907889707384082,933
2,2.3151367915897283,1.7859230759970353,0
3,2.056677109176701,1.4796428436795614,576
