fold,rmse,mae,actual_iterations
1,1.682642095844504,1.3146042225495838,52
2,1.5353940945006068,1.2310127390750605,608
3,1.4313677570253498,1.151117538434846,967
