fold,rmse,mae,actual_iterations
1,1.648350269636006,1.3331437162208766,618
2,1.415115473149595,1.0775070055782792,418
3,1.2663639215628575,1.0024445909662287,236
