fold,rmse,mae,actual_iterations
1,1.9485597323064547,1.4835071235677995,49
2,1.8268276739972176,1.3561116273351737,216
3,2.262712481098438,1.7766859453846224,1
