fold,rmse,mae,actual_iterations
1,15.11205924692226,11.915363399394932,0
2,7.207345367327589,5.816697848181727,519
3,6.997834024056309,5.889409428735741,217
