fold,rmse,mae,actual_iterations
1,15.103877731648538,11.91339135836136,2
2,8.061800892480491,6.965498969956109,1692
3,6.884879342386829,6.090611074408633,2399
