fold,rmse,mae,actual_iterations
1,9.325708526275669,6.116480742362847,395
2,6.3804481008020675,4.643889203283051,784
3,5.650749690377217,3.7984037834062425,2166
