fold,rmse,mae,actual_iterations
1,1.6575819836006167,1.3328166846206346,1557
2,1.4287915273490108,1.0841957028019698,481
3,1.2636645042312056,1.0244729196782014,324
