fold,rmse,mae,actual_iterations
1,1.9020967206105572,1.3990917779465437,798
2,2.3203523188106794,1.7939751018905377,0
3,2.031803712942322,1.5009624846527991,351
