fold,rmse,mae,actual_iterations
1,8.824097083105679,5.873285005508457,889
2,6.799802003711434,5.174092688935561,761
3,5.876181674868496,3.9674943806110665,986
