fold,rmse,mae,actual_iterations
1,9.554305720648747,6.636111652825018,1648
2,7.841327147135451,5.919705350855502,1699
3,6.853149333231738,4.84864383567071,1697
