fold,rmse,mae,actual_iterations
1,2.0471334013339932,1.687981180194693,39
2,1.823843305307734,1.391208495201494,602
3,2.0904866513752136,1.6946302736411232,93
