fold,rmse,mae,actual_iterations
1,1.964065557866816,1.488764289149332,13
2,1.8326359596611335,1.3845440411267962,50
3,2.255987672348914,1.769412745117875,0
