fold,rmse,mae,actual_iterations
1,8.8881442273024,6.072114681797777,899
2,6.4443902062190315,4.642621639647141,1823
3,5.937648517327663,4.122442935362441,1961
