fold,rmse,mae,actual_iterations
1,4.633069408368724,3.761816907450619,366
2,4.825369195675426,3.9502401900061015,359
3,3.7347192740723725,2.862898901996711,799
