fold,rmse,mae,actual_iterations
1,1.971673460564722,1.4926497206555003,79
2,1.8296817491331245,1.37017295098597,263
3,2.2528678929582004,1.761473546271124,0
