fold,rmse,mae,actual_iterations
1,2.041844174024754,1.7042199749569837,101
2,1.8140262081607204,1.415836246273252,733
3,2.0995096214503226,1.6960799930239183,157
