fold,rmse,mae,actual_iterations
1,1.9622428785901647,1.4817545590678507,275
2,1.8260515923242362,1.3835982260528956,518
3,2.25348981379946,1.7617105014533645,0
