fold,rmse,mae,actual_iterations
1,1.7063985880261514,1.3966226479899995,12
2,1.534707628676731,1.2415006440783685,260
3,1.4126122691493244,1.135411968325332,968
