fold,rmse,mae,actual_iterations
1,1.6977600699845956,1.4113260328127568,1126
2,1.4353716791873838,1.1152126378327933,1065
3,1.2691651705003981,1.033378610625946,739
