fold,rmse,mae,actual_iterations
1,1.9500030422662011,1.4843745012175067,56
2,1.8184775919353104,1.3737909668820538,170
3,2.2518444242146973,1.7611861656851913,0
