fold,rmse,mae,actual_iterations
1,1.6791521463311014,1.3727396598091361,1229
2,1.434645075903562,1.072971327675433,987
3,1.256467685347133,1.023407181944638,300
