fold,rmse,mae,actual_iterations
1,4.603060252964707,3.7239299533077874,1256
2,5.246041224287396,4.790734401562199,169
3,3.9822141481980196,3.302059439230432,1399
