fold,rmse,mae,actual_iterations
1,1.6941709410358603,1.3352306330398351,81
2,1.556590434585952,1.262028269975079,638
3,1.4308821572213142,1.1649630083343232,1373
