fold,rmse,mae,actual_iterations
1,9.386199392804533,6.4190480228838975,1134
2,7.307447060368666,5.464253223361061,1842
3,6.536174978438735,4.575564574769833,2289
