fold,rmse,mae,actual_iterations
1,2.0457683970931533,1.7068584027210951,29
2,1.8265060623908547,1.4319630295454546,209
3,2.0814264134299423,1.684549347656441,47
