fold,rmse,mae,actual_iterations
1,9.004493376171116,6.357307963898709,145
2,6.787110142956166,5.030994590484908,669
3,5.381500989425719,4.138792266151703,291
