fold,rmse,mae,actual_iterations
1,1.9526860864889732,1.4750124040847499,35
2,1.8553284956695884,1.3937087461063664,258
3,2.2524965156422616,1.7647909023863775,2
