fold,rmse,mae,actual_iterations
1,2.0244529219708847,1.666455450914116,24
2,1.8053793715933995,1.4103388361498037,283
3,2.1132795106499573,1.6982561173307613,46
