fold,rmse,mae,actual_iterations
1,1.695749431371468,1.3484063375095163,43
2,1.5697177667253621,1.271782236489258,260
3,1.4385658893983198,1.1786407901279337,604
