fold,rmse,mae,actual_iterations
1,9.022927355488651,6.324540166135482,1006
2,7.225641780566863,5.263086016971682,1174
3,4.966216969834296,3.7650240861617847,2401
