fold,rmse,mae,actual_iterations
1,1.9214519790002738,1.4362661935590444,378
2,2.298829886781695,1.7643852337509183,0
3,2.1041270899518345,1.612867226364069,588
