fold,rmse,mae,actual_iterations
1,15.10445992949141,11.911368006540748,1
2,7.522377285581762,6.123464497388196,1440
3,6.472210151684533,5.716528094797714,2490
