fold,rmse,mae,actual_iterations
1,8.768559323092678,6.057724337492004,1074
2,7.018347757996104,5.0997965373621446,1373
3,5.212484931397006,3.8923970176252736,1389
