fold,rmse,mae,actual_iterations
1,4.651615621507227,3.7548484400034745,425
2,4.811036875318568,3.917101702274431,798
3,3.8009382263585225,2.9812542269967883,885
