fold,rmse,mae,actual_iterations
1,1.6494156193920482,1.3270192346879446,372
2,1.440866066621915,1.0767594618010068,101
3,1.2776079521285053,1.042140822508025,55
