fold,rmse,mae,actual_iterations
1,9.005233491353668,6.225968896711513,702
2,7.058988850024576,5.236884200207409,1600
3,5.570402002670687,4.2221750664623725,1697
