fold,rmse,mae,actual_iterations
1,9.005025218807118,6.498992688448019,234
2,6.979725525804476,5.164758456831315,1117
3,4.837827295594788,3.6501836266163754,577
