fold,rmse,mae,actual_iterations
1,1.970034413879029,1.4831351558040922,38
2,1.8274792250557874,1.3820216517319657,210
3,2.2527803947848253,1.7621970634139652,0
