fold,rmse,mae,actual_iterations
1,1.6719801374733707,1.3822995803152016,570
2,1.422411868893532,1.0648834019603735,563
3,1.268725499032073,1.0339873872786463,310
