fold,rmse,mae,actual_iterations
1,1.6823696676454611,1.3491868776401126,24
2,1.60021403179317,1.3360072218482095,97
3,1.479426332094823,1.2093803353529793,577
