fold,rmse,mae,actual_iterations
1,9.106061521999397,6.08159908627362,999
2,6.74246651740297,4.831158646961911,999
3,6.231169340211547,4.3172716869056895,997
