fold,rmse,mae,actual_iterations
1,1.6993032392703813,1.3004339362594919,652
2,1.5887153789618882,1.3153584227698167,1046
3,1.5295519824999517,1.2686198995389064,1784
