fold,rmse,mae,actual_iterations
1,1.935229647821427,1.4661249809641141,58
2,1.8410342677668754,1.382483755447009,239
3,2.2529662263982893,1.761533836116919,0
