fold,rmse,mae,actual_iterations
1,2.0308804908701266,1.6879453228495107,122
2,1.8170449118802126,1.4266191442437306,649
3,2.104947707323781,1.6970898326283672,156
