fold,rmse,mae,actual_iterations
1,1.6871079492350092,1.3927637954552088,1406
2,1.4212519290924774,1.0728883610492908,1272
3,1.2551513465097057,1.0241443751274593,465
