fold,rmse,mae,actual_iterations
1,1.680185448393205,1.3767592441133047,1380
2,1.4110419052549268,1.0757220905005032,1210
3,1.257355968616228,1.023961600319347,483
