fold,rmse,mae,actual_iterations
1,4.619535365506225,3.7220292673118855,353
2,5.0360266180688384,4.1548957678021186,415
3,3.7757798065556876,2.9824906366379693,797
