fold,rmse,mae,actual_iterations
1,1.884239269059039,1.3866205771280755,553
2,2.320800084675425,1.7954014673919556,0
3,1.9822078286142772,1.4445534084437577,269
