fold,rmse,mae,actual_iterations
1,1.9765716097862411,1.5031271014178047,108
2,1.8385618432673059,1.3876016748027453,292
3,2.2560950252760588,1.7654832608905096,0
