fold,rmse,mae,actual_iterations
1,1.9162762038141754,1.4191558118460443,1067
2,2.3157133780390926,1.7859391429597204,0
3,1.9704916162187593,1.4598326967746535,647
