fold,rmse,mae,actual_iterations
1,15.114985404162866,11.916404673613842,1
2,7.2835917609781315,6.160325241483251,556
3,6.508197028167577,5.040337700380851,556
