fold,rmse,mae,actual_iterations
1,8.908501110864387,6.172178137582505,617
2,6.935533581218709,5.041515198201187,1417
3,5.007575765571785,3.7134744719501023,1173
