{
    "iterations": 2300,
    "learning_rate": 0.008804218376998893,
    "depth": 5,
    "l2_leaf_reg": 0.6121543325975484,
    "subsample": 0.7,
    "colsample_bylevel": 0.8500000000000001,
    "min_data_in_leaf": 100,
    "loss_function": "RMSE",
    "eval_metric": "RMSE",
    "random_seed": 42,
    "verbose": 0,
    "early_stopping_rounds": 100
}