fold,rmse,mae,actual_iterations
1,1.678145772661521,1.3740747119580556,808
2,1.419326797918037,1.0676443216886782,704
3,1.2538969471600323,1.0270649920534438,220
