fold,rmse,mae,actual_iterations
1,4.642148383466036,3.830057641604777,653
2,5.233493173649364,4.814692601544867,86
3,3.9673878257648223,3.2521469720518557,1217
