fold,rmse,mae,actual_iterations
1,1.969260438863306,1.6211646624133491,54
2,1.7817808968567517,1.3556144935742052,326
3,2.115381332007988,1.7038697399359335,37
