fold,rmse,mae,actual_iterations
1,1.9030464686885904,1.3948671824455523,1049
2,2.3193228921152707,1.791459592321589,0
3,2.0148935437306528,1.4596871782737544,642
