fold,rmse,mae,actual_iterations
1,8.98119312362101,6.187365773753412,234
2,7.230797120079235,5.36439221039839,233
3,4.781645386748918,3.543539223616405,438
