fold,rmse,mae,actual_iterations
1,1.6960786228757456,1.326017827689742,51
2,1.5658442371202936,1.2717841118620916,227
3,1.4134288379436803,1.146679996316857,665
