fold,rmse,mae,actual_iterations
1,1.650764330885341,1.3353236238523292,27
2,1.5238636870526412,1.220593941177119,405
3,1.409883922147318,1.1428748185246875,933
