fold,rmse,mae,actual_iterations
1,1.9367420393218324,1.4225841429611141,683
2,2.3148184498928446,1.7849490054669381,0
3,2.093127005188195,1.5536965499713364,307
