fold,rmse,mae,actual_iterations
1,1.9140264776674905,1.3994974475254034,538
2,2.327272547032686,1.803433298118904,0
3,2.1479850549464445,1.5684459321290039,378
