fold,rmse,mae,actual_iterations
1,1.9708996044368043,1.4937638288918749,7
2,1.8063657858391606,1.3395279047357538,63
3,2.2852733939454346,1.806664139564881,0
