fold,rmse,mae,actual_iterations
1,1.9605192814304413,1.491354115952413,24
2,1.8379595996047764,1.380897983525711,107
3,2.25433604011518,1.7655969952018937,0
