fold,rmse,mae,actual_iterations
1,2.0040522688347475,1.6376135785539263,27
2,1.815057253613152,1.4238197885838075,154
3,2.0800006694213793,1.6884754027930882,44
