fold,rmse,mae,actual_iterations
1,9.398493256834984,6.047862629122545,679
2,6.550340254598336,4.90755507593096,662
3,5.740852300884505,3.888574276991591,1291
