fold,rmse,mae,actual_iterations
1,8.784994844905771,5.9559003302534155,302
2,7.00510288776008,5.0101630844852405,326
3,5.223081159471574,4.008777039207776,359
