fold,rmse,mae,actual_iterations
1,9.050718617991574,6.409956969961715,233
2,6.875131763791424,5.131485968424014,344
3,4.9574512915797655,3.813445110793322,496
