fold,rmse,mae,actual_iterations
1,1.6894740918829436,1.381940877803954,105
2,1.4340037719791874,1.0983259853950693,128
3,1.2834811600048055,1.0547203513330574,39
