fold,rmse,mae,actual_iterations
1,4.706181179939686,3.8021676511332663,155
2,4.758227623925947,3.90813898911426,498
3,3.772110371803688,3.0112595922729035,550
