fold,rmse,mae,actual_iterations
1,1.9119214462496024,1.430024926392133,387
2,2.3173330335654754,1.7885963366184068,0
3,1.9867316623729132,1.4847468713672838,378
