fold,rmse,mae,actual_iterations
1,1.6742234805127016,1.3724124329508756,665
2,1.427481388598598,1.0760686013849268,624
3,1.2489588177285114,1.0046541087322727,391
