fold,rmse,mae,actual_iterations
1,1.9320611098520983,1.4629721315660627,51
2,1.8262997989012943,1.3728531125717585,190
3,2.2595963041103158,1.7685699023449952,0
