fold,rmse,mae,actual_iterations
1,1.9959608980314534,1.6537765786208831,253
2,1.818720285287126,1.4404094968894023,2249
3,2.098477022428649,1.696157818316542,634
