fold,rmse,mae,actual_iterations
1,1.8986807884918755,1.4020395780508308,742
2,2.3207370583090805,1.7927927018493046,0
3,1.9901148821937524,1.471012361099962,633
