fold,rmse,mae,actual_iterations
1,4.7068708092179685,3.787882892980119,210
2,5.255154105515633,4.639120720970514,72
3,3.8868122736722377,3.132614491490538,307
