fold,rmse,mae,actual_iterations
1,8.914104877448766,6.309418582511085,758
2,7.020391588357781,5.198243149883543,913
3,4.836601942883423,3.6335366906830884,2022
