fold,rmse,mae,actual_iterations
1,1.948435110206031,1.4823540666715274,62
2,1.8135100854002364,1.3669963655349393,232
3,2.2583094426953547,1.7665839097385356,0
