fold,rmse,mae,actual_iterations
1,1.9672006069355497,1.4991593940115848,68
2,1.8494305596237164,1.3945072674459096,351
3,2.2506711951094953,1.7597024124139675,0
