fold,rmse,mae,actual_iterations
1,1.6712250969913798,1.3286549251710835,448
2,1.4379728430098606,1.0818376618286498,144
3,1.2580411391517,1.0199620301128334,82
