fold,rmse,mae,actual_iterations
1,8.915451571450795,6.205952397521288,233
2,6.85927263871656,5.120555986221232,318
3,5.395470223044155,3.945273515880813,781
