fold,rmse,mae,actual_iterations
1,1.6823456264787549,1.4004253487602483,380
2,1.4303879321157853,1.0984995437286522,734
3,1.2439772785255094,1.011246533843508,173
