fold,rmse,mae,actual_iterations
1,1.6728360698614222,1.3350507162559657,35
2,1.5504934213409118,1.2343039369444377,605
3,1.4283744808066432,1.163779049233062,357
