fold,rmse,mae,actual_iterations
1,1.9019531503469023,1.413136210971387,482
2,2.29662349895279,1.7646453538676532,2
3,2.07907469240102,1.5376358697599446,271
