fold,rmse,mae,actual_iterations
1,9.989161481947855,6.875224492003809,599
2,7.76959527416909,5.482602957523257,599
3,6.975151466555703,4.8301509816094015,599
