fold,rmse,mae,actual_iterations
1,1.9804648172878758,1.5042168004007892,41
2,1.8089688401793456,1.365996660451547,167
3,2.2533512440354344,1.761820655234295,0
