fold,rmse,mae,actual_iterations
1,15.112467646847922,11.907662556073285,2
2,6.497064631684908,4.865028219059148,1042
3,6.073487724479268,4.958072610778892,533
