fold,rmse,mae,actual_iterations
1,4.7046336590856095,3.789859295746344,130
2,4.738607929148194,3.935625620740236,351
3,3.792815404816549,2.908445758706009,793
