fold,rmse,mae,actual_iterations
1,1.676451072150397,1.3425108654528486,53
2,1.5861718974329952,1.3146999646198334,144
3,1.406569475232918,1.14239062464089,1179
