fold,rmse,mae,actual_iterations
1,1.964111725371217,1.4640966504477309,122
2,2.284294815646932,1.779435693533282,1
3,2.0856081910370814,1.538113217076144,30
