fold,rmse,mae,actual_iterations
1,15.112545614222263,11.916301102338116,0
2,7.545523728926419,6.188478852892425,897
3,6.081880487497273,4.898892533879289,654
