fold,rmse,mae,actual_iterations
1,9.246422327108943,6.647697351470963,764
2,7.17109571705345,5.383767842620966,1049
3,4.762595627100743,3.6791942244659075,2099
