fold,rmse,mae,actual_iterations
1,2.0111639808874053,1.67460841748616,42
2,1.8176312632841896,1.401782427241836,350
3,2.10312074297726,1.7004004382810358,68
