fold,rmse,mae,actual_iterations
1,2.0114563675811787,1.648584224869206,51
2,1.8169301008082253,1.4264201127748388,127
3,2.101455874636991,1.6906371336339991,42
