fold,rmse,mae,actual_iterations
1,1.657274623267274,1.328990637435322,19
2,1.5446122394495476,1.2702036830951005,166
3,1.4111633279051783,1.1392088092320403,649
