fold,rmse,mae,actual_iterations
1,9.165947664966703,6.5495694343322235,509
2,7.3393616791622796,5.368861292401722,675
3,4.762715632384809,3.6866920138516077,1236
