fold,rmse,mae,actual_iterations
1,8.965198537173933,6.126528915329369,546
2,6.930728886525973,5.074634639193975,969
3,4.991285847813716,3.7713373297661206,814
