fold,rmse,mae,actual_iterations
1,15.10492313565634,11.91347692939435,0
2,8.059472527706097,6.377953320128688,1095
3,6.285061507391008,5.142456710159328,1082
