fold,rmse,mae,actual_iterations
1,1.9711211684053487,1.4932410881214393,131
2,1.8228032713717846,1.3777094149665017,192
3,2.256389234713801,1.7639452588673765,0
