fold,rmse,mae,actual_iterations
1,15.105956747897814,11.91386681254574,0
2,7.58344705483061,6.087235065039946,1388
3,6.73799261429895,5.485738047426064,1396
