fold,rmse,mae,actual_iterations
1,1.7061681082246611,1.3689919120442589,14
2,1.6102809788981394,1.3407152441782781,47
3,1.4519800937784628,1.1880183762550012,230
