fold,rmse,mae,actual_iterations
1,1.9702755640642728,1.4887417090415822,167
2,1.8328645498729974,1.3892093755839103,360
3,2.2539767513195024,1.7623931762779887,0
