fold,rmse,mae,actual_iterations
1,1.6993360962854072,1.4186309057962234,255
2,1.4121258418193179,1.0796380236732528,562
3,1.25674774542392,1.0289386979493922,147
