fold,rmse,mae,actual_iterations
1,8.717935969145964,5.8898765709135015,271
2,7.028079136291692,5.113474976592867,324
3,5.294924762161588,3.9437619331613396,583
