fold,rmse,mae,actual_iterations
1,4.700544607854226,3.781481836572123,224
2,4.709565533239004,3.8691265617872626,527
3,3.810481565350003,3.0294442654677924,599
