fold,rmse,mae,actual_iterations
1,4.637438767813333,3.723629223033813,447
2,4.841213592381867,3.8780599101454087,674
3,3.7749711271994073,2.9203513976801765,888
