fold,rmse,mae,actual_iterations
1,8.802689263254132,6.05391685262718,1002
2,7.353357755663686,5.40807824282127,1395
3,6.3222211108358,4.776657536483193,1396
