fold,rmse,mae,actual_iterations
1,9.24293741979351,6.3672043764905055,1291
2,7.466385501483231,5.613168844306476,1398
3,6.742893133464603,4.739795626921382,1394
