fold,rmse,mae,actual_iterations
1,1.9682474541086814,1.492510661930518,56
2,1.824030781365654,1.372699162954656,203
3,2.2617454117833447,1.7708708364730466,0
