fold,rmse,mae,actual_iterations
1,9.144648060371601,6.187198326835887,1015
2,7.141547557365823,5.247419241756592,1066
3,6.445910775714659,4.498719692790896,1097
