fold,rmse,mae,actual_iterations
1,15.118295715126031,11.916639915136727,0
2,7.110689171242696,5.705633296213581,756
3,6.591629616798592,5.4979558859621385,925
