fold,rmse,mae,actual_iterations
1,15.11171670746326,11.915334228620903,0
2,7.204458763780382,5.901074810998029,755
3,6.7780113447899994,5.742673214709453,229
