fold,rmse,mae,actual_iterations
1,1.8897827870770074,1.3991803955878754,356
2,2.3361532917801653,1.812598844024776,0
3,2.1297036777349665,1.5222439202723153,212
