fold,rmse,mae,actual_iterations
1,1.6835067845438356,1.2813855968177357,40
2,1.5601094254653516,1.2700772775925837,117
3,1.4637628328750414,1.2012337454906294,212
