fold,rmse,mae,actual_iterations
1,1.7051985084300914,1.3404953332211695,528
2,1.5647724693351284,1.278929001496225,1890
3,1.498150790265172,1.2400634797155548,1895
