fold,rmse,mae,actual_iterations
1,8.997334904424251,6.338120482578515,588
2,7.2153031360741124,5.393800777167672,585
3,4.729835606938583,3.627510388425733,1581
