fold,rmse,mae,actual_iterations
1,1.8828373195874635,1.3986129682703232,1171
2,2.3119646185370817,1.7809434335286465,0
3,2.18020530560706,1.5238081454030772,676
