fold,rmse,mae,actual_iterations
1,4.650177026709522,3.7347312454137707,2195
2,5.255009848906915,4.835361823395485,335
3,3.935640648614799,3.2887841689318953,2198
