fold,rmse,mae,actual_iterations
1,15.105100703331034,11.912708684321837,0
2,8.033421474144399,6.15184198045911,688
3,6.743093525312072,5.632904429704003,579
