fold,rmse,mae,actual_iterations
1,2.0836863540602475,1.7348727916858375,148
2,1.8104187885681302,1.4257094009343882,1377
3,2.0892980234890404,1.6872779992638385,310
