fold,rmse,mae,actual_iterations
1,15.102888518518126,11.913014614003112,0
2,7.931033201138383,6.704110680487585,895
3,6.945684733052697,5.719765007078124,457
