fold,rmse,mae,actual_iterations
1,1.6993157805305288,1.423304426183826,442
2,1.4484220048728929,1.1458409409356232,436
3,1.264512903449224,1.0415448736517836,217
