fold,rmse,mae,actual_iterations
1,1.6886204187745912,1.3384267671595316,36
2,1.5712468645888882,1.2856327841423982,247
3,1.4552311022781537,1.1796754570695207,799
