fold,rmse,mae,actual_iterations
1,1.934982231450173,1.447604378691289,204
2,2.3242112358162523,1.798462219348875,0
3,2.067753492523539,1.5271681730687454,128
