fold,rmse,mae,actual_iterations
1,8.813089107864814,6.031524910217886,855
2,7.083339671536315,5.258696565876734,1580
3,6.239281134968398,4.664414163673252,1096
