fold,rmse,mae,actual_iterations
1,9.849936121547126,6.690853792706797,642
2,6.673506916250281,4.877553794214807,644
3,5.705149090965536,3.8202069501281803,1560
