fold,rmse,mae,actual_iterations
1,9.028817398114542,6.0744517232261455,402
2,6.392453456668147,4.56218917799895,996
3,5.860813536697015,4.051331005045417,1909
