fold,rmse,mae,actual_iterations
1,15.108260210940584,11.909112503462026,2
2,7.059017136206174,5.473778386576676,1206
3,6.071208102738802,5.126264635194906,709
