fold,rmse,mae,actual_iterations
1,4.66843556583235,3.749060527109926,192
2,4.821831123503324,3.9524433893615045,497
3,3.9387050313098744,3.0769250235298697,499
