fold,rmse,mae,actual_iterations
1,15.11134944607913,11.911546393195959,0
2,7.106118361949037,5.94531703585278,564
3,7.060116328604874,6.244315192988707,144
