fold,rmse,mae,actual_iterations
1,2.0773966356357807,1.718917165621148,53
2,1.7921906947208222,1.3440734375668733,397
3,2.0980223277592738,1.6914165784331676,71
