fold,rmse,mae,actual_iterations
1,9.232199932237673,6.1317140497711655,2495
2,6.539293891740916,4.790705413299532,2498
3,6.002019333221458,4.108596115790845,2499
