fold,rmse,mae,actual_iterations
1,4.662978177263603,3.7533209306798807,837
2,5.252157936595374,4.72024998766346,224
3,3.8154527557157363,2.9944768703542337,1829
