fold,rmse,mae,actual_iterations
1,9.070038679782755,6.369145668371321,835
2,7.005365179038447,5.106150984844682,1964
3,5.041043330214904,3.9116905671015365,1482
