fold,rmse,mae,actual_iterations
1,1.950990759531747,1.4648974773889705,24
2,1.8416971923151872,1.383043830943854,134
3,2.2562705977400834,1.765667224604788,0
