fold,rmse,mae,actual_iterations
1,1.877059304233608,1.3871954989581108,661
2,2.3180693589166292,1.7896468245433588,0
3,1.993580794534777,1.4607977017266627,577
