fold,rmse,mae,actual_iterations
1,2.013365833700888,1.6385532495261066,14
2,1.7790960395084765,1.365865253231358,118
3,2.143258079676318,1.7279318248687074,26
