fold,rmse,mae,actual_iterations
1,1.6727944456452468,1.3759642117747877,655
2,1.4195550974588618,1.0604794785843132,641
3,1.2517821057655256,1.011432163794206,302
