fold,rmse,mae,actual_iterations
1,1.9559237100424387,1.4846735842361345,75
2,1.8375405640182072,1.3801504309891743,375
3,2.25297086246513,1.7611055035622782,0
