fold,rmse,mae,actual_iterations
1,9.183489826005374,6.46413809509377,377
2,7.114722569910448,5.270720578728121,505
3,4.761438150481514,3.6024158997952456,1133
