fold,rmse,mae,actual_iterations
1,15.103659091729751,11.912615629004707,0
2,8.326348719379089,6.144350941131062,599
3,7.059153143222919,6.204227284062973,598
