fold,rmse,mae,actual_iterations
1,9.224854078747455,6.037574359648246,420
2,6.574356024797776,4.962637928181759,682
3,5.648906171482469,3.8113210814264202,1775
