fold,rmse,mae,actual_iterations
1,1.9777810974465557,1.4989657530613014,209
2,1.827042589809688,1.3846153868162334,382
3,2.2518223820044687,1.7603849700702208,0
