fold,rmse,mae,actual_iterations
1,8.924176944434826,6.254828826756192,366
2,7.112863522291838,5.390619368361476,1314
3,6.365934358123439,4.882180011296556,1356
