fold,rmse,mae,actual_iterations
1,9.339899481977376,6.088377433933794,324
2,6.390462876449168,4.653614745995529,523
3,5.784437172498426,3.9799644058047967,701
