fold,rmse,mae,actual_iterations
1,15.102061494754215,11.90424982871165,3
2,7.90907157841537,6.214773726982473,499
3,6.878544689751286,5.825955676812918,492
