fold,rmse,mae,actual_iterations
1,1.9660709329137944,1.4857361219364384,213
2,1.8395859989966115,1.393316674935747,534
3,2.2519128538597055,1.7605461270690383,0
