fold,rmse,mae,actual_iterations
1,15.110300522259449,11.91563214339177,0
2,7.143457941237136,5.769067566286628,1203
3,6.385055822686496,5.450981878662733,466
