fold,rmse,mae,actual_iterations
1,4.638955344624333,3.7351424678168903,488
2,5.233504055712655,4.888491078820016,43
3,3.81349144652437,3.0172065340635763,888
