fold,rmse,mae,actual_iterations
1,1.966656348202302,1.4863479774966464,218
2,1.8273461816969572,1.3775845126053792,670
3,2.2514806807076058,1.7601883984618074,0
