fold,rmse,mae,actual_iterations
1,1.9189937141700817,1.4229844650204557,593
2,2.297717972807779,1.7654350790949864,2
3,2.0723367160603385,1.5693340776623301,367
