fold,rmse,mae,actual_iterations
1,2.0882434564988057,1.7473958014321944,13
2,1.8161064192240095,1.4140792027302749,305
3,2.109404151778509,1.693450504853611,40
