fold,rmse,mae,actual_iterations
1,9.07504029002821,6.415537719819128,214
2,6.910163972579036,5.224221515316664,692
3,5.012287429243137,3.7071255199726436,1058
