fold,rmse,mae,actual_iterations
1,1.9736304030849992,1.6131049009062617,20
2,1.8143322086037947,1.4331081928236322,134
3,2.1142769851198007,1.7097807487385406,44
