fold,rmse,mae,actual_iterations
1,9.382696313636961,6.152476279837094,346
2,6.463291457597071,4.548670037262839,513
3,5.842266658124523,3.9686712005601588,1189
