fold,rmse,mae,actual_iterations
1,1.9059728500247175,1.4105584673420928,181
2,2.271496190540398,1.7407094135778074,0
3,2.045156013636848,1.5228300947653637,98
