fold,rmse,mae,actual_iterations
1,1.9743406393459941,1.4945705635475524,170
2,1.8223565017730428,1.3739389629923109,566
3,2.25287602419755,1.7613236888644648,0
