fold,rmse,mae,actual_iterations
1,9.034241320656283,6.259388372304907,1293
2,7.047164473535057,5.144329040401761,1699
3,5.540976421608481,4.147190039034331,1699
