fold,rmse,mae,actual_iterations
1,1.6994964058750583,1.4220947510002098,293
2,1.4793569198340801,1.1882511192496803,202
3,1.252247678409657,1.025578383098128,132
