fold,rmse,mae,actual_iterations
1,1.9083932889351138,1.4006908963333233,329
2,2.347724088938036,1.829821532908457,0
3,2.0830380886895297,1.5217778070332237,243
