fold,rmse,mae,actual_iterations
1,1.7877883201540254,1.5120033028082198,698
2,1.4848539721372742,1.1793209465286285,675
3,1.2754901134645846,1.055242395133718,698
