fold,rmse,mae,actual_iterations
1,15.107910750417634,11.914817075323233,0
2,6.984339579604865,5.756199721773405,1567
3,6.912467677708639,5.81359536827199,383
