fold,rmse,mae,actual_iterations
1,15.110485767490177,11.895697387224976,3
2,7.1745894280061995,6.100016124152923,1198
3,6.753195306646498,5.500044884315859,1198
