fold,rmse,mae,actual_iterations
1,1.9848797562103195,1.6401463496181015,20
2,1.8091301850444625,1.3424768389274702,209
3,2.128393964251569,1.7225061429410178,46
