fold,rmse,mae,actual_iterations
1,1.6994886275358514,1.4176121032708446,209
2,1.4142347920333358,1.0829615271297133,503
3,1.2634326321514486,1.0323911177416556,105
