fold,rmse,mae,actual_iterations
1,1.9547362863969866,1.615931471253784,19
2,1.787687404464465,1.3431153151673607,213
3,2.128898670433997,1.7169329642240136,45
