fold,rmse,mae,actual_iterations
1,2.0196502145680952,1.669999358477551,25
2,1.8226216555082908,1.421515253130962,257
3,2.1068792514598025,1.702332909074986,62
