fold,rmse,mae,actual_iterations
1,1.6908546561172593,1.3586911804871753,38
2,1.5548037363207798,1.2563796464784367,391
3,1.4034531532544845,1.1366950231216846,713
