fold,rmse,mae,actual_iterations
1,4.670740326798826,3.7962132328326006,1055
2,5.2891456405104105,4.9520150440204675,96
3,3.833792402165965,3.0446002221518675,1685
