fold,rmse,mae,actual_iterations
1,9.296890708187282,6.241737798996795,659
2,6.559347797325863,4.717717049342943,1479
3,6.06844529073716,4.171935624810193,1495
