fold,rmse,mae,actual_iterations
1,1.977085917630218,1.6570929616294838,76
2,1.827123876338796,1.4473165437061284,618
3,2.101209913605624,1.6948535282561874,127
