fold,rmse,mae,actual_iterations
1,2.010791000848905,1.6574479709769774,55
2,1.7887186489011975,1.3335579600956864,497
3,2.1093407058976537,1.7068456817904165,90
