fold,rmse,mae,actual_iterations
1,1.671857768964049,1.3126227937749617,200
2,1.5464041732970633,1.2455189604116863,1388
3,1.4429363257229062,1.184086820403811,1398
