fold,rmse,mae,actual_iterations
1,15.099547427950558,11.912201007363159,0
2,7.226455576401818,5.786211228813245,1120
3,5.993328403329692,4.93436686765728,859
