fold,rmse,mae,actual_iterations
1,1.68871082077228,1.414717583764094,201
2,1.4550339646277881,1.1795543689924868,71
3,1.2521873832061212,1.0147192538524457,121
