fold,rmse,mae,actual_iterations
1,2.067331457124128,1.7155056714678842,105
2,1.815956310435435,1.4303628737957454,837
3,2.1077027331789213,1.7036947677300782,209
