fold,rmse,mae,actual_iterations
1,4.600368664216682,3.808457103462805,1507
2,5.009689583165937,4.217886683091964,1993
3,4.2416345504341795,3.6584854279963626,1997
