fold,rmse,mae,actual_iterations
1,15.126503675834615,11.914540674742092,0
2,7.1997305730992585,5.939100033520424,338
3,6.5098249620224,5.27353955841787,339
