fold,rmse,mae,actual_iterations
1,1.9398532348262243,1.457135432616043,497
2,2.3114964662443844,1.7822873796079217,1
3,2.0502956325060544,1.56480096315262,425
