{
    "target_variable": "log2_azm_mic",
    "MAE": 1.9028705681039526,
    "RMSE": 2.9052534387454703,
    "R2": -0.14176925369987647,
    "best_hyperparameters": {
        "iterations": 1500,
        "learning_rate": 0.015932951371237715,
        "depth": 5,
        "l2_leaf_reg": 2.538813868968033,
        "subsample": 0.9,
        "colsample_bylevel": 0.65,
        "min_data_in_leaf": 25,
        "early_stopping_rounds": 200
    }
}