fold,rmse,mae,actual_iterations
1,1.8937128489362125,1.4267049987921978,30
2,2.43118235101254,1.9483167466807838,1
3,2.0545466338899785,1.5198209912459595,32
