fold,rmse,mae,actual_iterations
1,15.119090828269597,11.907496095985925,1
2,7.1063021764527585,5.073663957553693,770
3,6.257763267533957,5.086942523017982,347
