fold,rmse,mae,actual_iterations
1,1.68094990602999,1.3789738710462673,1011
2,1.4191362735214017,1.0745901712184325,965
3,1.254690294555719,1.0255440743979638,265
