{
    "target_variable": "log2_tet_mic",
    "MAE": 2.590725068602083,
    "RMSE": 2.8996229302455743,
    "R2": -0.40080996310154937,
    "best_hyperparameters": {
        "iterations": 700,
        "learning_rate": 0.02099281812532096,
        "depth": 7,
        "l2_leaf_reg": 1.372472312738162,
        "subsample": 0.85,
        "colsample_bylevel": 0.5,
        "min_data_in_leaf": 17,
        "early_stopping_rounds": 50
    }
}