fold,rmse,mae,actual_iterations
1,1.8948033364918586,1.3920638269149417,28
2,2.5029911886493466,2.0167275865523533,0
3,2.085757303934531,1.4957895677796027,28
