fold,rmse,mae,actual_iterations
1,1.9669160710490383,1.4894402492672363,19
2,1.8342055278585112,1.3753602036054677,94
3,2.2490751387508054,1.7644182864586533,0
