fold,rmse,mae,actual_iterations
1,2.0090579924433993,1.666556367386032,60
2,1.835178204961424,1.44741603379803,499
3,2.09822857282561,1.688472305269614,96
