fold,rmse,mae,actual_iterations
1,9.152292907991633,6.5728744337515135,214
2,7.092979098484328,5.310308867214719,280
3,4.674567322984252,3.6290564340645677,737
