fold,rmse,mae,actual_iterations
1,4.619815939363494,3.757593642439231,288
2,5.026048955828128,4.132368433306386,286
3,3.8558316729678968,3.0397742251548285,599
