fold,rmse,mae,actual_iterations
1,8.92332497672596,6.190724729696411,134
2,6.981457839828769,5.087908750146794,468
3,6.597850935588116,5.384621896558864,310
