fold,rmse,mae,actual_iterations
1,1.956191156907625,1.486620827650011,54
2,1.831299583179745,1.377387677473237,170
3,2.2503533167934835,1.7603398920458324,0
