fold,rmse,mae,actual_iterations
1,15.120875276254992,11.918993071074848,0
2,7.425499896592391,6.151746017488943,570
3,6.8884772917831585,5.9996379237869535,146
