fold,rmse,mae,actual_iterations
1,4.581067048822801,3.732694140214907,284
2,4.819892696636427,4.016156207490286,398
3,3.700988467801885,2.7634164967462302,1411
