fold,rmse,mae,actual_iterations
1,4.712128813078067,3.7975841864111337,283
2,4.7971833119854725,4.01746642019884,699
3,3.781405564623867,2.995236803874067,698
