fold,rmse,mae,actual_iterations
1,4.592321438496381,3.7240461725249823,875
2,4.925824619773705,3.9816157484579255,1097
3,3.9749617755845494,3.2439825907303463,1298
