fold,rmse,mae,actual_iterations
1,4.612988851855232,3.732547863166838,329
2,4.637910721706462,3.6787568351677917,1001
3,3.7590284335166566,2.8532894201555425,1865
