fold,rmse,mae,actual_iterations
1,1.928303378749174,1.4190346331965922,554
2,2.3177802899564943,1.7890361373835797,0
3,2.041060651853231,1.5122999833545683,261
