fold,rmse,mae,actual_iterations
1,15.128007848022046,11.746973349843271,7
2,7.028464588586801,5.91226706958878,201
3,7.018162175612388,6.226920035935316,566
