fold,rmse,mae,actual_iterations
1,15.114909824664457,11.91365236196405,0
2,7.280427572481341,6.171279492805854,466
3,6.815694818427694,5.773523587634951,189
