fold,rmse,mae,actual_iterations
1,8.815356600046401,6.034590085503352,880
2,7.089076421088399,5.258511033851648,988
3,5.872352627075538,4.40972437317302,1022
