fold,rmse,mae,actual_iterations
1,8.75210809054554,6.007160061128074,803
2,6.955924756433012,5.166336137235551,1023
3,5.261981152549141,3.8379207116402694,1131
