fold,rmse,mae,actual_iterations
1,1.6795474643505366,1.3709940457095153,469
2,1.4261329657994697,1.071529843825436,527
3,1.261721295619091,1.0300142715165936,158
