fold,rmse,mae,actual_iterations
1,1.9866401138610272,1.6105343340362852,36
2,1.804420787963938,1.3561780247956547,258
3,2.1097579602332837,1.7054334455092175,46
