fold,rmse,mae,actual_iterations
1,1.9271125685892287,1.5711654501633958,59
2,1.7986398959327228,1.3667412808034918,141
3,2.136210194044549,1.7196024852940173,27
