fold,rmse,mae,actual_iterations
1,8.848797915746898,6.25245093078535,436
2,7.0530121729470325,5.1686102038448,715
3,5.181569358773053,3.8733295430786283,946
