fold,rmse,mae,actual_iterations
1,8.95793509756893,6.171265912284109,729
2,7.137334359152342,5.349405747096817,505
3,5.02807153013848,3.7629770187714153,1204
