fold,rmse,mae,actual_iterations
1,2.086555977783872,1.736494128141905,196
2,1.8187084830358011,1.4180310569275039,1262
3,2.0860653452913507,1.6853620919555936,265
