{
    "MAE": 8.647218865282696,
    "RMSE": 14.31738242442062,
    "R2": 0.4894677356810212,
    "best_hyperparameters": {
        "iterations": 2000,
        "learning_rate": 0.02942810361932769,
        "depth": 6,
        "l2_leaf_reg": 3.8182532282425927,
        "subsample": 1.0,
        "colsample_bylevel": 0.7,
        "min_data_in_leaf": 6,
        "early_stopping_rounds": 75
    }
}