fold,rmse,mae,actual_iterations
1,9.300371502546763,6.3374765812856495,363
2,6.555679938859155,4.7456678921305055,634
3,6.3093602050087165,4.417309681885678,677
