fold,rmse,mae,actual_iterations
1,9.180281340908245,6.458821187348057,143
2,7.21088171694104,5.530510097901961,111
3,4.6932352394522105,3.6595290801076623,425
