fold,rmse,mae,actual_iterations
1,15.098399396661513,11.902587387623331,3
2,7.034120637278611,5.4984369133228075,1194
3,6.476785910171601,5.344854085457668,801
