fold,rmse,mae,actual_iterations
1,1.9760574817523082,1.595078995121897,30
2,1.7837615919297773,1.3428133326226317,339
3,2.105409423529808,1.6976265038019585,52
