fold,rmse,mae,actual_iterations
1,1.675696855711469,1.3641786398758526,793
2,1.4357418905649793,1.0667318164153694,688
3,1.2532618562380058,1.0159947056203151,385
