fold,rmse,mae,actual_iterations
1,1.6660768677060687,1.3316139714153488,21
2,1.5678067466726433,1.2769797908009553,252
3,1.4126131942761282,1.1469298559059582,845
