fold,rmse,mae,actual_iterations
1,9.108340509453383,6.439827380194879,410
2,6.5784458080307955,4.8862457394858545,1547
3,4.836513688793122,3.6044206948210737,1137
