fold,rmse,mae,actual_iterations
1,9.26829195516718,6.644221215360055,499
2,7.5623651024292045,5.677798740413213,499
3,6.6007434184804055,5.04557633366496,499
