fold,rmse,mae,actual_iterations
1,1.8912456195863825,1.385245333643085,591
2,2.3285191218184114,1.8048857629257697,0
3,2.0927720336379934,1.5176951709011735,359
