fold,rmse,mae,actual_iterations
1,1.6705168097097005,1.3256580026519553,98
2,1.5506654896113259,1.250362320247772,854
3,1.4153892449822483,1.1572032963046661,1398
