fold,rmse,mae,actual_iterations
1,1.8989148171478523,1.4043753084806765,349
2,2.32123772217899,1.797730192783423,0
3,2.281141873785742,1.553561016113347,285
