fold,rmse,mae,actual_iterations
1,1.6959000874341075,1.2811751943724912,2205
2,1.573254869838535,1.297560962778633,2350
3,1.542205153949133,1.281395060820481,2493
