fold,rmse,mae,actual_iterations
1,8.714539094683115,5.951321352415689,289
2,6.9477716622699175,5.0929298281857,709
3,5.287059262680056,3.8912786958791115,516
