fold,rmse,mae,actual_iterations
1,1.6585573890046752,1.3604825049868106,142
2,1.42467518072939,1.0853852001126252,134
3,1.2720354172702486,1.0408766777804161,53
