fold,rmse,mae,actual_iterations
1,2.023319186317053,1.6492648672940142,22
2,1.7836775427063163,1.3383243011489627,165
3,2.136198962132496,1.7220375389821176,31
