fold,rmse,mae,actual_iterations
1,4.610760945300073,3.7756641785206377,141
2,5.197451235155747,4.376794359532595,127
3,3.822210113969238,2.9842988137059594,705
