fold,rmse,mae,actual_iterations
1,15.101459282009483,11.91101280485916,1
2,8.841662583954355,6.278527229248305,989
3,6.9353610117972355,6.149089793158072,999
