fold,rmse,mae,actual_iterations
1,1.880663489067487,1.3841095994623795,1189
2,2.3125799263548954,1.7826962251341092,0
3,2.1520695730077093,1.531634364405072,588
