fold,rmse,mae,actual_iterations
1,1.6862805477980374,1.3933783667415849,766
2,1.4204164868572908,1.0732804269361604,749
3,1.2563176331601178,1.0254941553922035,233
