fold,rmse,mae,actual_iterations
1,1.9631336599653857,1.4824337097758888,28
2,1.836043424996736,1.3824724384743923,184
3,2.2597134537051065,1.768124104007939,0
