fold,rmse,mae,actual_iterations
1,4.692860410245035,3.763643733627563,608
2,4.872127441296002,3.999327116574786,747
3,3.782969871672672,2.949825154683702,1198
