fold,rmse,mae,actual_iterations
1,1.6801363021597948,1.3746762387952958,1184
2,1.4346970891075277,1.077571382202402,1090
3,1.2611938611978883,1.024180598882363,488
