fold,rmse,mae,actual_iterations
1,15.100684606394811,11.906258852982791,3
2,7.206726363898032,6.050130709425039,999
3,6.8443007023064775,5.872367778070821,760
