fold,rmse,mae,actual_iterations
1,15.125483576373544,11.919202001787124,1
2,7.77828951736293,6.641214690597866,197
3,6.741142217146067,6.094644704963775,79
