fold,rmse,mae,actual_iterations
1,1.9911750519716134,1.6437408471948973,63
2,1.8031093292229194,1.420173375651288,215
3,2.1023931383393575,1.702526980502863,65
