fold,rmse,mae,actual_iterations
1,2.0033226224384375,1.6394109545381368,23
2,1.813000661944415,1.3540164570368138,184
3,2.0993661195098934,1.698715513368651,38
