fold,rmse,mae,actual_iterations
1,15.106692973601236,11.91239129160088,0
2,7.47725659732133,6.231984989044766,1080
3,6.646490545549984,5.753476916362634,1698
