fold,rmse,mae,actual_iterations
1,2.024111890101288,1.6628302957061305,24
2,1.803028716679916,1.368942706659845,139
3,2.1506004229850495,1.7368927473413511,30
