fold,rmse,mae,actual_iterations
1,2.005495359586107,1.6664507857848503,13
2,1.8116783486653825,1.4146038802783516,114
3,2.1027416634484513,1.6907090956265078,29
