fold,rmse,mae,actual_iterations
1,1.955429957128335,1.4873624431024899,95
2,1.8349852970268097,1.3855287777964762,295
3,2.2529295686584154,1.7615619424499431,0
