fold,rmse,mae,actual_iterations
1,1.6840795161299809,1.4009414296010299,994
2,1.4405755026979943,1.0902341179361814,994
3,1.2604607504093168,1.0238865099022194,726
