fold,rmse,mae,actual_iterations
1,9.224712222286843,6.035444925301797,856
2,6.462807513042237,4.720237214507019,1119
3,5.7702415552217685,3.9399948043962216,1586
