fold,rmse,mae,actual_iterations
1,1.98689764746059,1.504054117400856,17
2,1.8390385380853296,1.3905657280225623,143
3,2.2540902448409725,1.7623268210021958,0
