fold,rmse,mae,actual_iterations
1,1.9157352545047523,1.4054597432088778,913
2,2.313227836540102,1.7835676071942277,0
3,2.0315231368490667,1.5050040328065242,657
