fold,rmse,mae,actual_iterations
1,1.9583866435436061,1.625371552516317,81
2,1.828289733589045,1.4415075460041515,598
3,2.124016072243074,1.714944683786868,202
