fold,rmse,mae,actual_iterations
1,15.105785622261614,11.911712137424669,1
2,8.241868634696672,6.23230804495243,598
3,6.962113252389125,6.10985608839853,599
