fold,rmse,mae,actual_iterations
1,15.099358491121826,11.899924729766575,1
2,7.1598359339123645,5.793408071624678,997
3,6.78354230456982,5.767156193005346,349
