fold,rmse,mae,actual_iterations
1,1.9411670692151608,1.4632162607897932,46
2,1.8524236288584195,1.3866326457625595,255
3,2.2529836766217812,1.7615453407309996,0
