fold,rmse,mae,actual_iterations
1,2.068816348059113,1.7238707736752552,34
2,1.7817045071600544,1.3547840363708197,308
3,2.1081674449199728,1.701862049003498,56
