fold,rmse,mae,actual_iterations
1,9.316222857417742,6.091433075263045,744
2,6.507106715123754,4.59505258931291,1015
3,5.642964802782701,3.7780648411580726,1740
