fold,rmse,mae,actual_iterations
1,9.093021118336273,5.968450780907194,242
2,7.268814774189623,5.645874802855997,559
3,5.922835079526896,4.116382613030091,1784
