fold,rmse,mae,actual_iterations
1,1.692336838234523,1.2626699292352077,236
2,1.5928689289535378,1.328659018041863,104
3,1.464913955837091,1.1863498393699725,1246
