fold,rmse,mae,actual_iterations
1,1.7004792569048586,1.3599883038744314,18
2,1.5502235565884286,1.266227460979784,113
3,1.4490179119520457,1.1821139960539648,411
