fold,rmse,mae,actual_iterations
1,4.649270362609496,3.699324201983935,284
2,5.077271692721909,4.051988757661116,321
3,3.728812337271194,2.8634211291541254,519
