fold,rmse,mae,actual_iterations
1,1.6756993588170799,1.2500710305815992,570
2,1.6146360455030961,1.3351980396192122,782
3,1.5086521244878421,1.2337786363171899,1660
