fold,rmse,mae,actual_iterations
1,15.099547427598328,11.912201007304395,0
2,7.147815985211392,5.688846453574899,1231
3,6.487459416596389,5.272915939491917,821
