fold,rmse,mae,actual_iterations
1,9.19507107634897,6.469243120454293,113
2,7.049218319605549,5.22098700469772,131
3,4.869341527978241,3.7546108149831645,294
