fold,rmse,mae,actual_iterations
1,4.635075999940094,3.7474269030670384,641
2,4.8222816041671726,3.9060532346458374,799
3,3.7590904547535486,2.843852004216965,2262
