fold,rmse,mae,actual_iterations
1,1.9357256881368363,1.4385755285657749,196
2,2.350875077788767,1.8368794992881199,0
3,2.0142241878697003,1.4919511383342858,152
