fold,rmse,mae,actual_iterations
1,1.9522201687116676,1.4634563317145999,495
2,2.3103289038815493,1.7785892344191543,0
3,2.0166804348673644,1.5098869803302475,483
