fold,rmse,mae,actual_iterations
1,1.9161322708763577,1.4119346800838037,823
2,2.317210071389046,1.788443229478104,0
3,1.9953260236947825,1.466829804460655,611
