fold,rmse,mae,actual_iterations
1,9.06927522882357,6.369515022651125,81
2,7.105865036809785,5.359195036543439,243
3,5.9632890616046925,4.496271438147834,344
