fold,rmse,mae,actual_iterations
1,1.911327107305382,1.417006008725494,331
2,2.33560990439669,1.813406089838616,0
3,2.060618149903434,1.5336735083524995,269
