fold,rmse,mae,actual_iterations
1,1.6887263455093036,1.2857078789338443,104
2,1.5900671816675376,1.3249828427489405,115
3,1.5133930769027581,1.234431823633668,441
