fold,rmse,mae,actual_iterations
1,9.472135543138027,6.211153060228554,1070
2,6.930654363590437,5.251981628502405,949
3,5.627963441710393,3.7929244264512034,1909
