fold,rmse,mae,actual_iterations
1,1.6957655294638394,1.411786235637719,1392
2,1.4185591141701603,1.0874164376629327,1707
3,1.259033263151628,1.0269742598764633,566
