fold,rmse,mae,actual_iterations
1,8.754992746263122,6.054567503002909,413
2,6.8967289074764135,5.1223596382967465,798
3,5.2971077749163165,3.8137121118961037,922
