fold,rmse,mae,actual_iterations
1,1.6544910578950465,1.2614186891342116,244
2,1.6025778946671136,1.3422820283483106,149
3,1.5305247787724179,1.2605497427550776,446
