fold,rmse,mae,actual_iterations
1,1.6709843762879688,1.3249154868049076,53
2,1.5435737925402802,1.254425917090293,364
3,1.4266390988963078,1.1702364101366631,705
