fold,rmse,mae,actual_iterations
1,1.677397613391577,1.308507363274123,50
2,1.5360366133002883,1.2484598490561236,275
3,1.4096351511023044,1.137510722175106,610
