fold,rmse,mae,actual_iterations
1,4.673802210138944,3.7507521430016375,374
2,5.246677886855629,4.889124852684477,58
3,3.788524333816233,2.978194518873344,1093
