fold,rmse,mae,actual_iterations
1,9.09508772026368,6.290377451358821,592
2,7.3341162910135855,5.5248029678136845,599
3,6.132004488266508,4.637514363501318,599
