fold,rmse,mae,actual_iterations
1,1.9240671690459688,1.4270103688838984,325
2,2.3221105112280678,1.7952089814458094,0
3,2.0652358086625258,1.491280436507649,155
