fold,rmse,mae,actual_iterations
1,9.2182741012156,6.317313911470717,1746
2,6.781449650396198,4.948965873276035,2499
3,6.323667663974407,4.437460690383366,2499
