fold,rmse,mae,actual_iterations
1,9.100475129308755,6.1018475050006,1737
2,6.479378903791146,4.6149724752348265,2090
3,6.002412263155682,4.156121373770245,2098
