fold,rmse,mae,actual_iterations
1,1.9553938435431084,1.48413340182939,7
2,1.8569784367200353,1.3634711949783094,80
3,2.253045905441808,1.7700314865640852,0
