fold,rmse,mae,actual_iterations
1,15.106639569371447,11.90790421154702,2
2,6.843445897961388,5.538915412882264,1172
3,6.484738331502528,5.464833459955233,636
