fold,rmse,mae,actual_iterations
1,1.6839109793907,1.3881678492392655,849
2,1.4254569517926223,1.0930207712806672,974
3,1.26058103922403,1.028388584827661,286
