fold,rmse,mae,actual_iterations
1,15.14025080471197,11.90594656798496,1
2,7.506421633472205,6.395449680572885,148
3,7.47948477488258,6.796371304136795,28
