fold,rmse,mae,actual_iterations
1,1.6473802753769957,1.329111485950948,392
2,1.4273255207366666,1.0752428248298507,122
3,1.2518709498015341,1.0009562523340416,85
