fold,rmse,mae,actual_iterations
1,15.107281867317454,11.914038113643121,0
2,7.238932206540828,6.108586325656227,803
3,6.556438043409356,5.28077209683989,899
