fold,rmse,mae,actual_iterations
1,9.001387537049442,6.2289915179813535,579
2,7.013035479786752,5.289733931225916,898
3,6.137698224355917,4.544918917245189,877
