fold,rmse,mae,actual_iterations
1,15.11078857422796,11.915940219787002,0
2,6.359666491935432,5.0052847872069455,1027
3,6.2120202968287295,5.224466846572836,565
