fold,rmse,mae,actual_iterations
1,1.7163350689964363,1.3534418440012528,766
2,1.605076899367715,1.3374968837380952,1199
3,1.5621330078309137,1.3110873655846311,1197
