fold,rmse,mae,actual_iterations
1,1.9734283744002385,1.4965442973674905,375
2,1.8245914304870263,1.383282968604745,904
3,2.251682250835982,1.760511852970023,0
