fold,rmse,mae,actual_iterations
1,1.9118624705420948,1.4029045654887642,416
2,2.3365608325516956,1.8169004591627982,0
3,2.201390107949386,1.5481799607729565,153
