fold,rmse,mae,actual_iterations
1,4.657815447456323,3.749154821403664,109
2,5.039488171451165,4.133975893592605,130
3,3.7519700092443835,2.8290687246492183,454
