fold,rmse,mae,actual_iterations
1,1.678524914095514,1.3897434710914163,326
2,1.439480434689059,1.0782983530733368,324
3,1.2521459033134323,1.012441712618326,157
