fold,rmse,mae,actual_iterations
1,1.6251596313673449,1.3016757315397167,752
2,1.4187821599369312,1.0901794752786456,324
3,1.2558664037482772,1.0177290014235092,88
