fold,rmse,mae,actual_iterations
1,1.989172286971305,1.6418615278709483,59
2,1.8018203090092935,1.396403147703339,438
3,2.1056343073254458,1.6939103086361578,73
