fold,rmse,mae,actual_iterations
1,2.018730394587359,1.6765964853115634,70
2,1.8071256666272804,1.4131869794065222,547
3,2.1016806274218585,1.702218705070335,131
