fold,rmse,mae,actual_iterations
1,1.6540171576181117,1.3147282002665561,23
2,1.5318652047072256,1.2179282151245319,315
3,1.4450702464256273,1.1741843493847448,464
