fold,rmse,mae,actual_iterations
1,1.9594958942269445,1.4786142392062231,64
2,1.8220338771163442,1.3711172620927887,169
3,2.261074612250488,1.7714946958777396,0
