fold,rmse,mae,actual_iterations
1,1.697888613104589,1.4127888098394206,586
2,1.4298121276271922,1.093247447573343,932
3,1.261107702400394,1.0327762589167027,263
