fold,rmse,mae,actual_iterations
1,15.10946923792124,11.88163676980229,3
2,7.289316191327099,6.013937391757492,680
3,6.7638616174726875,5.591453558229412,503
