fold,rmse,mae,actual_iterations
1,8.889037409676767,6.095612352501438,437
2,7.068498244792174,5.340582560724455,786
3,5.818543188542888,4.314302305715446,663
