fold,rmse,mae,actual_iterations
1,1.96665560262623,1.6139725880690146,37
2,1.8147054093390642,1.4348091093819613,191
3,2.078830709051514,1.6892392158074827,57
