fold,rmse,mae,actual_iterations
1,1.7374163193711998,1.4726872594509401,499
2,1.4697447144619658,1.145920609297682,498
3,1.2605349847859457,1.0285691414876623,498
