fold,rmse,mae,actual_iterations
1,15.10964567636202,11.91177788691152,0
2,6.808682925919832,5.433982792635792,966
3,6.526492287177294,5.405390035833813,1118
