fold,rmse,mae,actual_iterations
1,1.9055082962063106,1.4006587776978128,396
2,2.3449926684837212,1.8274772510192907,0
3,2.0994554470368523,1.511760767428333,119
