fold,rmse,mae,actual_iterations
1,1.8936193895888551,1.3926816144875789,565
2,2.3331690403650596,1.8113806657034277,0
3,1.9572328870399305,1.4211718897624124,147
