fold,rmse,mae,actual_iterations
1,1.911861168839809,1.3995613236370223,201
2,2.3197759821632093,1.7927647383422294,0
3,2.313525021722067,1.6104699703489163,186
