fold,rmse,mae,actual_iterations
1,1.9344105789871178,1.4294853126707205,799
2,2.3108241907856004,1.7873378436376997,3
3,2.0093427205339207,1.5068555795324752,297
