fold,rmse,mae,actual_iterations
1,4.602825476246957,3.729632738159085,415
2,4.862851634503101,3.979973748307055,766
3,3.760218415125751,2.8873001972296017,831
