fold,rmse,mae,actual_iterations
1,15.099547427882896,11.91220100735187,0
2,7.304165259112728,5.837561601043234,1199
3,6.520289997068059,5.271757131209466,805
