fold,rmse,mae,actual_iterations
1,1.675947337816034,1.2647051488074375,847
2,1.6062749115619195,1.33663359776935,714
3,1.5240226516426505,1.2629354210819979,1478
