fold,rmse,mae,actual_iterations
1,1.7095639910495009,1.3354567157619919,65
2,1.5568044895653272,1.269688815128278,312
3,1.4018170533484655,1.141970031037675,1398
