fold,rmse,mae,actual_iterations
1,1.67874754436986,1.3312592452951728,84
2,1.532383755744104,1.2203361257611758,982
3,1.4248897050083174,1.1640976726425516,1142
