fold,rmse,mae,actual_iterations
1,1.683684818514049,1.377481467660897,827
2,1.4208876313144165,1.0793487195053288,855
3,1.2559902462241639,1.023548527141067,318
