fold,rmse,mae,actual_iterations
1,4.610901950151606,3.744398730363164,666
2,5.219566784362385,4.906395635259973,54
3,3.8513601023208066,3.0756243390543188,998
