fold,rmse,mae,actual_iterations
1,4.721892241753224,3.7497193937846567,455
2,5.272228369077206,4.884125902978147,57
3,3.889095297488323,3.045499088317337,1087
