fold,rmse,mae,actual_iterations
1,9.039378977824034,6.108231725203779,1384
2,6.511603382325326,4.6701164886049575,1596
3,6.040942104074459,4.177040544268785,1598
