fold,rmse,mae,actual_iterations
1,1.681898479853339,1.3912473364097382,199
2,1.4287055784212357,1.0912144481651425,416
3,1.2583537136940774,1.0290523139589867,107
