fold,rmse,mae,actual_iterations
1,1.9270412469485836,1.4413513463912884,309
2,2.3023606683544,1.797989683847832,9
3,2.043796264033967,1.5209184054085128,156
