fold,rmse,mae,actual_iterations
1,2.075660920954293,1.7106291547253942,72
2,1.8094089641094233,1.3755317084253404,660
3,2.0997209658535145,1.7017215574713365,126
