fold,rmse,mae,actual_iterations
1,1.676908904604881,1.3460922101957729,1592
2,1.4236818151726276,1.083586461803777,763
3,1.255928738010933,1.0235258716326503,331
