{
    "target_variable": "log2_cip_mic",
    "MAE": 4.607903990250343,
    "RMSE": 4.76058829232268,
    "R2": 0.05417237174914036,
    "best_hyperparameters": {
        "iterations": 2200,
        "learning_rate": 0.0863166475814537,
        "depth": 4,
        "l2_leaf_reg": 9.054693377156578,
        "subsample": 0.7,
        "colsample_bylevel": 0.9,
        "min_data_in_leaf": 99,
        "early_stopping_rounds": 150
    }
}