fold,rmse,mae,actual_iterations
1,4.584682345265714,3.742421245598308,352
2,4.871839538570672,3.9517275562512113,464
3,3.905656181095186,3.0414974686236045,1012
