fold,rmse,mae,actual_iterations
1,4.6656361595391305,3.7793804217573936,201
2,4.741847881223881,3.8631331119285712,535
3,3.7849749282058585,2.9531889463373835,799
