fold,rmse,mae,actual_iterations
1,4.722618613492308,4.023645441136509,599
2,5.304006772667089,4.885969884867537,227
3,4.532547107933559,4.015442598095213,596
