fold,rmse,mae,actual_iterations
1,1.6944872257784898,1.4239911203072688,539
2,1.479186859133105,1.1914663772052063,424
3,1.261283008885187,1.0313292387481632,398
