fold,rmse,mae,actual_iterations
1,4.603298513956019,3.7747727754876683,388
2,4.786305678148107,3.953381039423192,496
3,3.7698811484465544,2.812385809760136,1999
