fold,rmse,mae,actual_iterations
1,15.105995285334153,11.913970209086104,1
2,7.113979229730061,5.619833010255479,1088
3,6.253394012343137,5.283465175724052,717
