fold,rmse,mae,actual_iterations
1,1.6731455214934763,1.3386421221747766,56
2,1.5177942550237362,1.2210974894569824,546
3,1.439024510369625,1.175355179561886,803
