fold,rmse,mae,actual_iterations
1,1.868776665904116,1.3724581283338506,44
2,2.4761857031913648,1.9844400839658274,0
3,1.9568193506381766,1.4057980312360152,34
