fold,rmse,mae,actual_iterations
1,2.080516045106812,1.7134358856878371,26
2,1.8081349301975758,1.3682079168614065,281
3,2.1191548646869376,1.7087289214177295,47
