fold,rmse,mae,actual_iterations
1,4.588567891407968,3.7236433184686577,398
2,4.6753910951042625,3.783694871506273,923
3,3.8081066556175354,2.9687642423931084,1982
