fold,rmse,mae,actual_iterations
1,1.7025800917648117,1.331015473772658,129
2,1.5666628209774016,1.2940443461737314,400
3,1.4923486808608082,1.2310444408835843,1191
