fold,rmse,mae,actual_iterations
1,9.167627555076331,6.061310712473937,783
2,6.761337193939466,5.164412911289833,2041
3,5.694989697652744,3.860843780318107,2192
