fold,rmse,mae,actual_iterations
1,1.9660905683484806,1.4970061358442883,27
2,1.827656463393752,1.3797842314737436,95
3,2.2652918919299885,1.7768832866019932,0
