fold,rmse,mae,actual_iterations
1,9.59148091503299,6.468650346853226,257
2,6.897168731714273,5.121211302098046,454
3,5.982505941386404,4.159430466514576,1029
