fold,rmse,mae,actual_iterations
1,1.9820798466574667,1.6378915853755545,68
2,1.7872939092965785,1.3446773976331183,314
3,2.106468343503345,1.6931903773959536,36
