fold,rmse,mae,actual_iterations
1,4.609821541481279,3.7233373442570477,1158
2,4.951391222232391,4.114903327119173,991
3,3.854713759423131,3.154772624328217,1193
