fold,rmse,mae,actual_iterations
1,1.9471790011777956,1.4822716340909088,86
2,1.810615012537641,1.3569592475763739,301
3,2.2587862389267515,1.7672986414521747,0
