fold,rmse,mae,actual_iterations
1,1.69362831783858,1.2680400460827723,180
2,1.5414460511506503,1.2589030497216807,245
3,1.4375593447865778,1.1622531352199676,1250
