fold,rmse,mae,actual_iterations
1,2.034038279864687,1.68383034948434,47
2,1.7945471146138998,1.3600976593636371,366
3,2.07965279246369,1.6884539673264725,50
