fold,rmse,mae,actual_iterations
1,1.6360418115678024,1.3102793223906306,462
2,1.4363698413556802,1.076681715405735,167
3,1.2684845031447867,1.0259838494536968,121
