fold,rmse,mae,actual_iterations
1,1.6755444992762187,1.3473758006526402,22
2,1.6119112246010676,1.3390475438170877,72
3,1.3982702205738633,1.1249507187738363,528
