fold,rmse,mae,actual_iterations
1,1.9441364599578235,1.47420818960884,41
2,1.8335995523521031,1.380436099572709,230
3,2.2540181097065917,1.7623644232187865,0
