fold,rmse,mae,actual_iterations
1,15.117135339085918,11.893703304980505,2
2,7.39208246726681,6.302369502215717,471
3,6.346124657168733,5.441795426861876,723
