fold,rmse,mae,actual_iterations
1,8.893846735822162,6.254503168742956,260
2,6.889486855165475,5.055920172537472,665
3,4.823799188517647,3.6584771626285617,504
