fold,rmse,mae,actual_iterations
1,1.6446750657723572,1.2966376295379396,32
2,1.5635847208590008,1.2638557151498289,230
3,1.4192191656305397,1.1451703839762535,429
