fold,rmse,mae,actual_iterations
1,1.9782479479653408,1.4980104347558638,34
2,1.8237532415615434,1.3744648512441058,204
3,2.2520538251613424,1.7612601888109627,0
