fold,rmse,mae,actual_iterations
1,1.9134199218098118,1.4104310317965967,209
2,2.346327954617062,1.8278728736959846,0
3,2.0499477685314975,1.4971890109549317,140
