fold,rmse,mae,actual_iterations
1,1.9826065126241308,1.6259347338926213,29
2,1.8114365420148093,1.363706439791147,220
3,2.1181375735079775,1.7145874712875524,44
