fold,rmse,mae,actual_iterations
1,15.133027511952545,11.92118323303418,1
2,7.83493176879634,6.569499247739244,292
3,6.510816024931506,5.03687484957066,265
