fold,rmse,mae,actual_iterations
1,1.6642681186077442,1.3270320094093955,20
2,1.556760612320039,1.2572365369716767,231
3,1.3895203022545697,1.1163039084226902,625
