fold,rmse,mae,actual_iterations
1,8.79665465690982,6.135866539425978,186
2,7.031981147506176,5.183017411560467,419
3,5.7707087516585736,4.1707827845989325,299
