fold,rmse,mae,actual_iterations
1,1.9138501878377965,1.4188547084369847,510
2,2.316761371398092,1.7890840488176645,0
3,2.010331666881439,1.477697237330525,436
