fold,rmse,mae,actual_iterations
1,1.8539811038959806,1.360383177965165,83
2,2.3461760628632065,1.8333295111246006,0
3,2.172795221325214,1.5492251616472241,142
