fold,rmse,mae,actual_iterations
1,8.729546417843315,6.030332070604579,134
2,7.191506710396814,5.277189376159019,191
3,5.451943099922927,3.939731407501237,204
