fold,rmse,mae,actual_iterations
1,1.8680302226212553,1.3754481346086795,399
2,2.323318969199531,1.7981291217733182,0
3,2.157726550499776,1.5290497447026297,312
