fold,rmse,mae,actual_iterations
1,1.634966520420751,1.3181142410897781,503
2,1.4339419873826968,1.075654511957985,186
3,1.2699445576028803,1.0348582447388726,96
