fold,rmse,mae,actual_iterations
1,1.6721470677034658,1.3384264870085818,51
2,1.551549844735836,1.261271838458862,426
3,1.408684791101867,1.138089340091626,1364
