fold,rmse,mae,actual_iterations
1,15.1048186514102,11.913454465075748,0
2,7.058066760808341,5.6928295837859295,1699
3,6.832205468909572,5.882057881449139,1699
