fold,rmse,mae,actual_iterations
1,1.961021495131655,1.486897048592894,194
2,1.823822837382009,1.3771588454636807,462
3,2.2537898265341734,1.7618950655013552,0
