fold,rmse,mae,actual_iterations
1,1.9728903998324403,1.496885644179655,143
2,1.8308118206113366,1.3845644042609384,269
3,2.254065020724294,1.762191828123172,0
