fold,rmse,mae,actual_iterations
1,2.0539892276381164,1.7089229263570886,44
2,1.811992652473536,1.4026936157644816,278
3,2.1043841477368215,1.7012094612525863,87
