fold,rmse,mae,actual_iterations
1,1.9565800649936966,1.4873720538861805,97
2,1.8295175404743225,1.3727361218511331,303
3,2.25745117246859,1.7653561934125788,0
