fold,rmse,mae,actual_iterations
1,15.105098704949153,11.91372537862645,1
2,7.448887986337176,5.984661399951495,1598
3,6.715944871999686,5.696180605338071,1597
