fold,rmse,mae,actual_iterations
1,1.9068748964265332,1.4019305011094467,747
2,2.314356610824436,1.785322117896308,0
3,1.982076401753412,1.4576550400707247,353
