fold,rmse,mae,actual_iterations
1,1.6880685482660784,1.3707684677598317,26
2,1.6123494679213703,1.3567151230706929,67
3,1.4188962960399427,1.1588847438418906,857
