fold,rmse,mae,actual_iterations
1,4.5702529907243745,3.7606624505972377,736
2,4.788963120676096,3.8347747379753705,1786
3,3.8405494086494714,3.0034608111364767,2472
