fold,rmse,mae,actual_iterations
1,1.9446229887646058,1.4736854537660635,38
2,1.835087643568723,1.3814507726079375,213
3,2.2541946649368487,1.7624941361301245,0
