fold,rmse,mae,actual_iterations
1,2.0171341247177903,1.671080477405561,51
2,1.8138288397043747,1.4088892437162566,271
3,2.1092575841575396,1.7108583450928134,74
