fold,rmse,mae,actual_iterations
1,1.6736441675142872,1.3498167144717568,19
2,1.5107411265165698,1.2001485846697892,425
3,1.4412126748477476,1.159833317074112,327
