fold,rmse,mae,actual_iterations
1,1.8873589963699147,1.3922516729338443,934
2,2.306350808407776,1.7737319968688385,0
3,2.036525832325411,1.4986790708202218,474
