fold,rmse,mae,actual_iterations
1,1.6714060492987384,1.336413079817052,40
2,1.5329670555598909,1.2240963920471661,479
3,1.432503057468888,1.1600895173156107,1013
