fold,rmse,mae,actual_iterations
1,1.6867134489826787,1.3865274131584022,1155
2,1.419565612497532,1.0780441090599728,1399
3,1.2645098228393497,1.029893877986921,559
