fold,rmse,mae,actual_iterations
1,9.214618896589716,6.642688362519759,217
2,7.176660160389856,5.320879090534894,308
3,4.575608045893085,3.5748007525598156,726
