fold,rmse,mae,actual_iterations
1,2.042417932512044,1.694918387038003,96
2,1.8176845074301526,1.4211818014743005,529
3,2.0953244286386163,1.6948240902972722,138
