fold,rmse,mae,actual_iterations
1,1.6682157457764057,1.342616001608496,45
2,1.5460257832454485,1.2646882015234064,443
3,1.4315019134015738,1.1652335058401229,823
