fold,rmse,mae,actual_iterations
1,1.6790970155148386,1.3532094405067587,45
2,1.5426184458711694,1.2606235084859925,498
3,1.4128133203324131,1.1398244627316005,2399
