fold,rmse,mae,actual_iterations
1,4.626278544161519,3.744232314772289,435
2,4.86038274417142,4.003600458619244,687
3,3.823999109248348,3.017795891742121,1649
