fold,rmse,mae,actual_iterations
1,1.6934021691685586,1.401275843376669,87
2,1.4530188447484398,1.1806266839323727,36
3,1.2397923891928937,1.0091089828210016,55
