fold,rmse,mae,actual_iterations
1,1.962325163069232,1.5979608781152705,32
2,1.791871452417272,1.360341024102674,228
3,2.1097622888159573,1.6997037334964147,37
