fold,rmse,mae,actual_iterations
1,2.050123395469269,1.7080364042195488,41
2,1.8049146164323941,1.4127452117403685,338
3,2.1047112748440444,1.6968566035463608,75
