fold,rmse,mae,actual_iterations
1,1.6769308597549704,1.3861354757915594,137
2,1.4002279098469312,1.0714285627854978,268
3,1.253058880126431,1.0120740108298534,97
