fold,rmse,mae,actual_iterations
1,4.6536895639085785,3.791412090229806,227
2,4.821218953630118,3.911611273699652,619
3,3.734973517800344,2.8523476955939944,795
