fold,rmse,mae,actual_iterations
1,15.109493666102914,11.91187301615289,0
2,7.019996393082667,5.245067852845651,688
3,6.312009640676893,5.188709756059625,428
