fold,rmse,mae,actual_iterations
1,1.967538341283766,1.4863427319715017,56
2,1.8444636946708208,1.3872786225438614,121
3,2.253926367584013,1.762231079242596,0
