fold,rmse,mae,actual_iterations
1,1.9689687831023122,1.500807326796698,64
2,1.8210804589135439,1.3747368385147187,198
3,2.2525571700277616,1.7617833228870907,0
