fold,rmse,mae,actual_iterations
1,4.631526495613975,3.7570507703715,691
2,5.256877744560497,4.9074889986889945,74
3,4.108902047897017,3.496942307433178,698
