fold,rmse,mae,actual_iterations
1,4.513694759283222,3.713457469411666,512
2,4.700177193393902,3.7106146158233524,1886
3,3.8742514361723175,3.04439273561393,1242
