fold,rmse,mae,actual_iterations
1,8.971371676023171,6.234302158027123,1018
2,7.075321672700727,5.19995516919465,1402
3,5.468952478734666,4.092061960449886,1395
