fold,rmse,mae,actual_iterations
1,1.9182009441648493,1.407790173854992,879
2,2.316351171654831,1.787576694698456,0
3,2.01279165140279,1.5068392372717343,309
