fold,rmse,mae,actual_iterations
1,4.677562853337598,3.750041682079312,300
2,4.764932329851198,3.9746720023338455,687
3,3.7810564212572073,2.880281238364161,796
