fold,rmse,mae,actual_iterations
1,1.9704320397528425,1.4900175799708724,20
2,1.8283297340193347,1.3712613720414655,132
3,2.268388261042912,1.7873671950510313,1
