fold,rmse,mae,actual_iterations
1,1.7035381517062391,1.3531154496579398,112
2,1.5498913523970137,1.2644779303022189,1007
3,1.4715270155415094,1.2100648856770964,1199
