fold,rmse,mae,actual_iterations
1,8.695659797239918,5.951873191307666,720
2,6.940184583513363,5.088162261690066,980
3,5.101576339936546,3.750411459203965,1026
