fold,rmse,mae,actual_iterations
1,15.105636265792938,11.914236174677796,0
2,7.498596726475927,5.996125886009357,1117
3,6.637765527472534,5.5394708954762955,690
