fold,rmse,mae,actual_iterations
1,1.6481154967228835,1.3122985644985776,824
2,1.4330587264355614,1.07171827579282,541
3,1.2560260153200564,1.0230246857614531,88
