fold,rmse,mae,actual_iterations
1,2.0502191184035126,1.6904429667776146,12
2,1.812438810999288,1.4091662660647426,111
3,2.1040871990783785,1.7045350136550252,24
