fold,rmse,mae,actual_iterations
1,9.138548826992483,6.689822668205004,99
2,7.099719658652367,5.212877913028718,257
3,4.766512101745007,3.6060307171165538,570
