fold,rmse,mae,actual_iterations
1,1.9769828264592124,1.6340541591315372,25
2,1.8068781678174954,1.3658675845750003,238
3,2.0980327574674824,1.6886613023043524,37
