fold,rmse,mae,actual_iterations
1,1.9502041664976428,1.4745746532072226,30
2,1.845965143766318,1.3875026050349724,142
3,2.25413904189686,1.7623579465100032,0
