fold,rmse,mae,actual_iterations
1,1.6970092999150275,1.3365535317232058,439
2,1.6191524669798227,1.3574197426900392,690
3,1.553436152909188,1.2971486343356173,899
