fold,rmse,mae,actual_iterations
1,1.7030469361720901,1.4083889963233402,217
2,1.4476985390912809,1.1313190848131116,189
3,1.2628251735013052,1.0300749756897698,107
