fold,rmse,mae,actual_iterations
1,4.674916800065346,3.809026354893618,486
2,5.005009109090897,4.28068544756962,592
3,3.8483924297759082,3.1028567210724396,1095
