fold,rmse,mae,actual_iterations
1,1.9698729348684656,1.6367233704347366,23
2,1.8145185774937385,1.4379593349915152,150
3,2.120391195037712,1.712008137699199,31
