fold,rmse,mae,actual_iterations
1,15.099547425770556,11.912201006999453,0
2,7.29502525546298,6.200711882178186,767
3,6.678996728599863,5.723879783303616,692
