fold,rmse,mae,actual_iterations
1,1.6679379742764822,1.3304106963585383,390
2,1.4175942499340752,1.0836120206851714,221
3,1.2535502840441606,1.0092091552515594,90
