fold,rmse,mae,actual_iterations
1,1.982459113902721,1.4832334752201872,7
2,1.8184405827607542,1.3704099747852085,74
3,2.256012033205737,1.763685034996838,0
