fold,rmse,mae,actual_iterations
1,1.8800294337145325,1.384404348930397,382
2,2.323815125474309,1.7999892087980134,0
3,2.0754852072779655,1.5112871997338604,259
