fold,rmse,mae,actual_iterations
1,9.260302268188173,6.5902548857857015,1146
2,7.2183469994849165,5.479369536324011,1598
3,5.41629980213294,4.119175878988479,1599
