fold,rmse,mae,actual_iterations
1,9.026277557611996,6.101043419128407,1933
2,6.499392643462193,4.709467684880132,2220
3,5.943906166791553,4.092373947193859,2299
