fold,rmse,mae,actual_iterations
1,1.676878632663541,1.3025573094454377,19
2,1.5882611443167303,1.2581912477856072,445
3,1.4449624514002004,1.1675325362334508,350
