fold,rmse,mae,actual_iterations
1,1.9463201213907604,1.4705348334629629,52
2,1.8284447515566107,1.369519504384575,179
3,2.264488663955808,1.7752477269734437,0
