fold,rmse,mae,actual_iterations
1,9.388585098855748,6.055475461954561,632
2,6.7744666308435395,5.149621323958765,782
3,5.747941672316577,3.8572851876540106,1842
