fold,rmse,mae,actual_iterations
1,4.604704766621038,3.7775166171329992,379
2,4.7989029525214155,3.9693173820976955,408
3,3.8723107291561845,3.07111646394337,859
