fold,rmse,mae,actual_iterations
1,1.958863520092177,1.492237049013133,69
2,1.8278936465510383,1.3816004434587146,284
3,2.2534581505275346,1.7619514721021148,0
