fold,rmse,mae,actual_iterations
1,1.6392527149423268,1.3140127289523884,825
2,1.4405785535129625,1.078604650503569,214
3,1.2595589750541574,1.021461893673903,129
