fold,rmse,mae,actual_iterations
1,2.03359409674998,1.6887154659398331,55
2,1.8083420154682162,1.4158156871430803,308
3,2.0896003974820023,1.6906605209186525,78
