fold,rmse,mae,actual_iterations
1,1.695901163793526,1.3985090970123393,137
2,1.4389160923133149,1.1132661048744255,258
3,1.258078449610185,1.0202116839544548,84
