fold,rmse,mae,actual_iterations
1,4.5875489850289775,3.775426742872872,317
2,4.751295740276994,3.819543849373324,794
3,3.8174317216559386,2.916160744783779,1297
