fold,rmse,mae,actual_iterations
1,1.6502420261644788,1.3485507277759403,29
2,1.521626905017978,1.2128412236692132,652
3,1.4188607286367523,1.1523656744971718,772
